Path name pro,File name pro,File name amateur,File name amateur
20170327LiaoJiaNi,lseh-Yi_lun_ming-Wen_zhao_guan-nacta,laosheng,lseh-Yi_lun_ming-Wen_zhao_guan-qm
20170327LiaoJiaNi,lsxp-Jiang_shen_er-San_jia_dian-nacta,20170519XuJingWei,lsxp-Jiang_shen_er-San_jia_dian-renmin
20170327LiaoJiaNi,lsxp-Jiang_shen_er-San_jia_dian-nacta,laosheng,lsxp-Jiang_shen_er-San_jia_dian01-1-upf
20170327LiaoJiaNi,lsxp-Xi_ri_li-Zhu_lian_zhai-nacta,laosheng,lsxp-Xi_ri_you-Zhu_lian_zhai-qm
20170418TianHao,lseh-Jin_zhong_xiang-Shang_tian_tai01-nacta,20170519XuJingWei,lseh-Jin_zhong_xiang-Shang_tian_tai-renmin
20170418TianHao,lseh-Jin_zhong_xiang-Shang_tian_tai02-nacta,20170519XuJingWei,lseh-Jin_zhong_xiang-Shang_tian_tai-renmin
20170418TianHao,lseh-Tan_yang_jia-Hong_yang_dong-nacta,20170519LongTianMing,lseh-Tan_yang_jia-Hong_yang_dong-ustb
laosheng,lseh-Tan_Yang_jia-Hong_yang_dong-qm,20170519LongTianMing,lseh-Tan_yang_jia-Hong_yang_dong-ustb
20170418TianHao,lseh-Wei_guo_jia-Hong_yang_dong01-nacta,20170519LongTianMing,lseh-Wei_guo_jia-Hong_yang_dong-ustb
20170418TianHao,lseh-Wei_guo_jia-Hong_yang_dong01-nacta,20170519XuJingWei,lseh-Wei_guo_jia-Hong_yang_dong-renmin
20170418TianHao,lseh-Wei_guo_jia-Hong_yang_dong01-nacta,laosheng,lseh-Wei_guo_jia-Hong_yang_dong02-qm
20170418TianHao,lseh-Wei_guo_jia-Hong_yang_dong01-nacta,laosheng,lseh-Wei_guo_jia-Hong_yang_dong01-lon
20170418TianHao,lseh-Wei_guo_jia-Hong_yang_dong02-nacta,20170519LongTianMing,lseh-Wei_guo_jia-Hong_yang_dong-ustb
20170418TianHao,lseh-Wei_guo_jia-Hong_yang_dong02-nacta,20170519XuJingWei,lseh-Wei_guo_jia-Hong_yang_dong-renmin
20170418TianHao,lseh-Wei_guo_jia-Hong_yang_dong02-nacta,laosheng,lseh-Wei_guo_jia-Hong_yang_dong02-qm
20170418TianHao,lseh-Wei_guo_jia-Hong_yang_dong02-nacta,laosheng,lseh-Wei_guo_jia-Hong_yang_dong01-lon
20170418TianHao,lseh-Yi_lun_ming-Wen_zhao_guan01-nacta,laosheng,lseh-Yi_lun_ming-Wen_zhao_guan-qm
20170418TianHao,lseh-Yi_lun_ming-Wen_zhao_guan02-nacta,laosheng,lseh-Yi_lun_ming-Wen_zhao_guan-qm
20170418TianHao,lsxp-Jiang_shen_er-San_jia_dian-nacta,20170519XuJingWei,lsxp-Jiang_shen_er-San_jia_dian-renmin
20170418TianHao,lsxp-Jiang_shen_er-San_jia_dian-nacta,laosheng,lsxp-Jiang_shen_er-San_jia_dian01-1-upf
20170418TianHao,lsxp-Ting_ta_yan-Zhuo_fang_cao01-nacta,20170519LongTianMing,lsxp-Ting_ta_yan-Zhuo_fang_cao-ustb
20170418TianHao,lsxp-Ting_ta_yan-Zhuo_fang_cao02-nacta,20170519LongTianMing,lsxp-Ting_ta_yan-Zhuo_fang_cao-ustb
20170418TianHao,lsxp-Ting_ta_yan-Zhuo_fang_cao03-nacta,20170519LongTianMing,lsxp-Ting_ta_yan-Zhuo_fang_cao-ustb
20170418TianHao,lsxp-Wo_ben_shi-Kong_cheng_ji-nacta,20170519LongTianMing,lsxp-Wo_ben_shi-Kong_cheng_ji-ustb
20170418TianHao,lsxp-Wo_ben_shi-Kong_cheng_ji-nacta,20170519XuJingWei,lsxp-Wo_ben_shi-Kong_cheng_ji-renmin
20170418TianHao,lsxp-Wo_zheng_zai-Kong_cheng_ji01-nacta,20170519LongTianMing,lsxp-Wo_zheng_zai-Kong_cheng_ji-ustb
20170418TianHao,lsxp-Wo_zheng_zai-Kong_cheng_ji01-nacta,20170519XuJingWei,lsxp-Wo_zheng_zai-Kong_cheng_ji-renmin
20170418TianHao,lsxp-Wo_zheng_zai-Kong_cheng_ji01-nacta,laosheng,lsxp-Wo_zheng_zai-Kong_cheng_ji04-qm
20170418TianHao,lsxp-Wo_zheng_zai-Kong_cheng_ji01-nacta,laosheng,lsxp-Wo_zheng_zai-Kong_cheng_ji01-upf
20170418TianHao,lsxp-Wo_zheng_zai-Kong_cheng_ji02-nacta,20170519LongTianMing,lsxp-Wo_zheng_zai-Kong_cheng_ji-ustb
20170418TianHao,lsxp-Wo_zheng_zai-Kong_cheng_ji02-nacta,20170519XuJingWei,lsxp-Wo_zheng_zai-Kong_cheng_ji-renmin
20170418TianHao,lsxp-Wo_zheng_zai-Kong_cheng_ji02-nacta,laosheng,lsxp-Wo_zheng_zai-Kong_cheng_ji04-qm
20170418TianHao,lsxp-Wo_zheng_zai-Kong_cheng_ji02-nacta,laosheng,lsxp-Wo_zheng_zai-Kong_cheng_ji01-upf
20170418TianHao,lsxp-Xi_ri_li-Zhu_lian_zhai-nacta,laosheng,lsxp-Xi_ri_you-Zhu_lian_zhai-qm
laosheng,lsxp-Huai_nan_wang-Huai_he_ying02-qm,20170519XuJingWei,lsxp-Huai_nan_wang-Huai_he_ying-renmin
laosheng,lsxp-Huai_nan_wang-Huai_he_ying02-qm,laosheng,lsxp-Huai_nan_wang-Huai_he_ying01-lon
laosheng,lsxp-Jiang_shen_er-San_jia_dian02-qm,20170519XuJingWei,lsxp-Jiang_shen_er-San_jia_dian-renmin
laosheng,lsxp-Jiang_shen_er-San_jia_dian02-qm,laosheng,lsxp-Jiang_shen_er-San_jia_dian01-1-upf
laosheng,lsxp-Wo_zheng_zai-Kong_cheng_ji02-qm,20170519LongTianMing,lsxp-Wo_zheng_zai-Kong_cheng_ji-ustb
laosheng,lsxp-Wo_zheng_zai-Kong_cheng_ji02-qm,20170519XuJingWei,lsxp-Wo_zheng_zai-Kong_cheng_ji-renmin
laosheng,lsxp-Wo_zheng_zai-Kong_cheng_ji02-qm,laosheng,lsxp-Wo_zheng_zai-Kong_cheng_ji04-qm
laosheng,lsxp-Wo_zheng_zai-Kong_cheng_ji02-qm,laosheng,lsxp-Wo_zheng_zai-Kong_cheng_ji01-upf