Path name pro,File name pro,Path name amateur,File name amateur
20170408SongRuoXuan,daeh-Yang_yu_huan-Tai_zhen_wai-nacta,danAll,daeh-Yang_Yu_huan-Tai_zhen_wai_zhuan-lon
20170408SongRuoXuan,danbz-Kan_dai_wang-Ba_wang_bie-nacta,danAll,danbz-Kan_dai_wang-Ba_wang_bie_ji03-qm
20170408SongRuoXuan,daspd-Hai_dao_bing-Gui_fei_zui-nacta,danAll,daspd-Hai_dao_bing-Gui_fei_zui_jiu01-lon
20170424SunYuZhu,daeh-Yi_sha_shi-Suo_lin_nang-nacta,20170506LiuHaiLin,daxp-Yi_sha_shi-Suo_lin_nang-ustb
20170424SunYuZhu,daeh-Yi_sha_shi-Suo_lin_nang-nacta,danAll,daeh-Yi_sha_shi-Suo_lin_nang-qm
20170424SunYuZhu,daxp-Dang_ri_li-Suo_lin_nang-nacta,20170506LiuHaiLin,daxp-Dang_ri_li-Suo_lin_nang-ustb
20170424SunYuZhu,daxp-Er_ting_de-Suo_lin_nang_take1-nacta,20170506LiuHaiLin,daxp-Chun_qiu_ting-Suo_lin_nang-ustb
20170424SunYuZhu,daxp-Er_ting_de-Suo_lin_nang_take2-nacta,20170506LiuHaiLin,daxp-Chun_qiu_ting-Suo_lin_nang-ustb
20170424SunYuZhu,daxp-Er_ting_de-Suo_lin_nang_take3-nacta,20170506LiuHaiLin,daxp-Chun_qiu_ting-Suo_lin_nang-ustb
20170425SunYuZhu,daeh-Wei_kai_yan-Dou_e_yuan-nacta,20170506LiuHaiLin,daeh-Wei_kai_yan-Dou_e_yuan-ustb
20170425SunYuZhu,daxp-Chui_qiu_ting-Suo_lin_nang-nacta,20170506LiuHaiLin,daxp-Chun_qiu_ting-Suo_lin_nang-ustb
20170425SunYuZhu,daxp-Chui_qiu_ting-Suo_lin_nang-nacta,danAll,daxp-Chun_qiu_ting-Suo_lin_nang03-qm
danAll,danbz-Kan_dai_wang-Ba_wang_bie_ji01-qm,danAll,danbz-Kan_dai_wang-Ba_wang_bie_ji03-qm
danAll,daxp-Chun_qiu_ting-Suo_lin_nang01-qm,20170506LiuHaiLin,daxp-Chun_qiu_ting-Suo_lin_nang-ustb
danAll,daxp-Jiao_Zhang_sheng-Hong_niang04-qm,danAll,daxp-Jiao_Zhang_sheng-Hong_niang05-qm
danAll,daxp-Meng_ting_de-Mu_Gui_ying_gua_shuai04-qm,danAll,daxp-Meng_ting_de-Mu_Gui_ying_gua_shuai06-qm
danAll,daxp-Meng_ting_de-Mu_Gui_ying_gua_shuai04-qm,danAll,daxp-Meng_ting_de-Mu_Gui_ying_gua_shuai01-upf
danAll,daspd-Hai_dao_bing-Gui_fei_zui_jiu02-qm,danAll,daspd-Hai_dao_bing-Gui_fei_zui_jiu01-lon
danAll,daxp-Meng_ting_de-Mu_Gui_ying_gua_shuai02-qm,danAll,daxp-Meng_ting_de-Mu_Gui_ying_gua_shuai06-qm
danAll,daxp-Meng_ting_de-Mu_Gui_ying_gua_shuai02-qm,danAll,daxp-Meng_ting_de-Mu_Gui_ying_gua_shuai01-upf
danAll,daxp-Jiao_Zhang_sheng-Hong_niang01-qm,danAll,daxp-Jiao_Zhang_sheng-Hong_niang05-qm